{"cameraMode":{"drawMode":0,"name":"Shaded","section":"Shading Mode"},"sceneLighting":true,"audioPlay":false,"sceneViewState":{"showFog":false,"showMaterialUpdate":false,"showSkybox":false,"showFlares":false,"showImageEffects":false,"showParticleSystems":true},"in2DMode":false,"pivot":{"x":3.8765506744384767,"y":-4.899990558624268,"z":2.209949493408203},"rotation":{"x":-0.7151318788528442,"y":0.001468085334636271,"z":-0.0014970365446060897,"w":-0.6989926695823669},"size":74.69969940185547,"orthographic":false}